[
  {
    "id": -1002330044586,
    "title": "Concept",
    "username": "coinstersed",
    "settings": {
      "lang": "english"
    },
    "blocklist": [
      "fake",
      "scam",
      "rug"
    ],
    "filters": {
      "website": "",
      "buy": "",
      "adminList": ""
    }
  },
  {
    "id": -1002444458549,
    "title": "Newbots",
    "username": "chekysed",
    "settings": {
      "lang": "english"
    },
    "blocklist": [
      "fake",
      "scam",
      "rug"
    ],
    "filters": {
      "website": "",
      "buy": "",
      "adminList": ""
    }
  }
]